{"branches": 91.66666666666666, "coverage": 88.28828828828829}